,City,Cloudiness,Country,Date,Humidity,Lat,Lng,Max Temp,Wind Speed
0,Pangnirtung,88,CA,1537502592,96,66.15,-65.72,272.691,3.01
1,Rikitea,92,PF,1537502630,100,-23.12,-134.97,293.391,7.26
2,Rapar,0,IN,1537502636,67,23.57,70.65,299.441,4.96
3,Tuktoyaktuk,20,CA,1537498800,69,69.44,-133.03,274.15,5.7
4,Mount Gambier,76,AU,1537502629,90,-37.83,140.78,287.341,2.91
5,Yellowknife,40,CA,1537498800,74,62.45,-114.38,271.15,2.1
6,Vestmanna,92,FO,1537500000,81,62.16,-7.17,279.15,8.7
7,Lunglei,8,IN,1537502706,86,22.89,92.75,298.341,0.31
8,Altagracia de Orituco,36,VE,1537502712,87,9.86,-66.38,297.191,3.86
9,Uri,0,IT,1537500000,88,40.64,8.49,295.15,3.1
10,Daboh,0,ID,1537502985,80,5.32,95.87,302.691,2.31
11,Atuona,0,PF,1537502992,100,-9.8,-139.03,299.491,5.01
12,Ushuaia,75,AR,1537498800,80,-54.81,-68.31,274.15,3.6
13,Puerto Ayora,0,EC,1537502959,100,-0.74,-90.35,293.991,5.11
14,Albany,90,US,1537501620,77,42.65,-73.75,292.05,2.6
15,Bluff,0,AU,1537503017,19,-23.58,149.07,297.891,6.71
16,Busselton,36,AU,1537503024,100,-33.64,115.35,288.891,0.96
17,Coihaique,40,CL,1537498800,100,-45.58,-72.07,276.15,2.1
18,Butaritari,36,KI,1537503036,100,3.07,172.79,302.641,2.91
19,Jamestown,0,AU,1537503009,55,-33.21,138.6,292.791,2.96
20,Laguna,68,MX,1537503049,97,27.52,-110.01,296.341,1.71
21,Boueni,0,YT,1537500600,94,-12.9,45.08,296.15,3.1
22,Esperance,20,TT,1537498800,100,10.24,-61.45,299.15,2.76
23,Chapleau,92,CA,1537503081,94,47.85,-83.4,285.091,4.46
24,Komsomolskiy,24,RU,1537503087,92,67.55,63.78,277.891,3.46
25,Torbay,90,CA,1537498800,87,47.66,-52.73,279.15,3.6
26,Punta Arenas,20,CL,1537498800,80,-53.16,-70.91,275.15,3.1
27,Geraldton,90,CA,1537499880,93,49.72,-86.95,282.15,4.1
28,Ahipara,76,NZ,1537503112,87,-35.17,173.16,288.291,3.41
29,Mitsamiouli,20,KM,1537498800,83,-11.38,43.28,296.15,1.0
30,Hithadhoo,68,MV,1537503125,100,-0.6,73.08,298.891,1.31
31,Cayenne,0,GF,1537500600,94,4.94,-52.33,298.15,4.36
32,Tunceli,0,TR,1537498200,38,39.11,39.55,289.15,1.5
33,Cape Town,20,ZA,1537498800,93,-33.93,18.42,280.15,2.1
34,Hofn,76,IS,1537503163,100,64.25,-15.21,279.991,9.16
35,Mataura,24,NZ,1537503170,72,-46.19,168.86,286.091,5.36
36,Hermanus,32,ZA,1537503176,97,-34.42,19.24,273.841,1.31
37,Bredasdorp,80,ZA,1537498800,71,-34.53,20.04,284.15,5.1
38,Nileshwar,24,IN,1537503202,96,12.25,75.1,300.091,5.06
39,Praya,20,ID,1537502400,52,-8.71,116.27,305.15,5.1
40,New Norfolk,40,AU,1537502400,42,-42.78,147.06,292.15,6.7
41,Victoria,75,BN,1537500600,79,5.28,115.24,306.15,2.1
42,Norman Wells,20,CA,1537498800,43,65.28,-126.83,275.15,2.6
43,Presidencia Roque Saenz Pena,0,AR,1537503246,91,-26.79,-60.44,292.691,3.16
44,Shishou,76,CN,1537503252,71,29.72,112.42,298.591,5.26
45,Nikolskoye,40,RU,1537500600,87,59.7,30.79,289.15,3.0
46,Maningrida,0,AU,1537503265,60,-12.05,134.23,303.091,5.56
47,Bambous Virieux,40,MU,1537498800,69,-20.34,57.76,296.15,4.1
48,East London,0,ZA,1537498800,57,-33.02,27.91,284.15,3.1
49,Tuatapere,24,NZ,1537503297,95,-46.13,167.69,284.091,4.01
50,Ginda,0,IN,1537503304,75,30.69,78.49,289.341,0.71
51,Kazachinskoye,0,RU,1537503310,70,57.69,93.28,282.141,2.41
52,Ostrovnoy,12,RU,1537503207,91,68.05,39.51,281.991,9.56
53,Westport,64,IE,1537503323,100,53.8,-9.52,281.441,5.96
54,Fort Nelson,40,CA,1537502400,63,58.81,-122.69,271.15,1.31
55,Camocim,0,BR,1537503348,80,-2.9,-40.84,298.291,7.01
56,Gornozavodsk,32,RU,1537503355,99,58.37,58.33,281.591,3.41
57,Porto Nacional,80,BR,1537503361,50,-10.7,-48.41,301.441,1.21
58,Lasa,0,CY,1537502400,64,34.92,32.53,295.15,2.6
59,North Battleford,90,CA,1537498800,80,52.78,-108.3,277.15,4.6
60,Meulaboh,0,ID,1537503405,96,4.14,96.13,301.791,1.66
61,Carnarvon,68,ZA,1537503411,50,-30.97,22.13,272.091,1.31
62,Iqaluit,75,CA,1537502400,100,63.75,-68.52,273.15,5.7
63,Cherskiy,92,RU,1537503353,83,68.75,161.3,279.741,0.71
64,Port Alfred,8,ZA,1537503431,100,-33.59,26.89,285.941,4.21
65,Tilichiki,92,RU,1537503437,99,60.47,166.1,283.591,1.66
66,Dhidhdhoo,56,MV,1537503443,100,6.88,73.1,299.791,6.36
67,Vaini,92,IN,1537503450,98,15.34,74.49,294.491,2.11
68,Barrow,92,AR,1537503406,41,-38.31,-60.23,291.491,5.86
69,Los Llanos de Aridane,12,ES,1537502400,78,28.66,-17.92,296.15,4.6
70,Saint George,20,GR,1537501800,72,39.45,22.34,288.15,1.5
71,Codrington,8,AU,1537503500,62,-28.95,153.24,292.241,3.16
72,Nakambala,24,ZM,1537503506,47,-15.83,27.78,293.591,5.66
73,Butembo,20,CD,1537503525,94,0.12,29.29,285.491,0.61
74,Ribeira Grande,20,PT,1537503532,96,38.52,-28.7,296.791,9.06
75,Bethel,90,US,1537501980,86,60.79,-161.76,284.25,4.1
76,Samarkand,0,UZ,1537500600,48,39.65,66.98,291.15,1.0
77,Hasaki,75,JP,1537501560,100,35.73,140.83,293.15,7.2
78,Narsaq,24,GL,1537501800,55,60.91,-46.05,276.15,2.6
79,Nelson Bay,0,AU,1537502400,45,-32.72,152.14,292.15,6.2
80,Thompson,40,CA,1537498800,85,55.74,-97.86,273.15,1.0
81,Muli,0,IN,1537503548,63,22.62,71.45,300.291,4.76
82,Am Timan,0,TD,1537503596,80,11.04,20.28,294.991,1.26
83,Tiarei,40,PF,1537502400,69,-17.53,-149.33,298.15,3.1
84,Tucupita,80,VE,1537503608,83,9.06,-62.05,299.791,2.81
85,Avarua,75,CK,1537502400,60,-21.21,-159.78,296.15,5.1
86,Port Moresby,40,PG,1537502400,78,-9.47,147.16,301.15,7.2
87,Sola,75,NO,1537501800,87,58.89,5.65,283.15,5.1
88,Tura,68,IN,1537503634,92,25.52,90.21,299.641,2.46
89,Tasiilaq,0,GL,1537501800,69,65.61,-37.64,275.15,5.7
90,Fox Lake,40,US,1537501920,90,43.68,-94.66,291.45,7.2
91,Sioux Lookout,90,CA,1537502940,93,50.1,-91.92,282.15,3.1
92,Wuwei,0,CN,1537503672,72,37.93,102.64,283.941,1.86
93,Souillac,0,FR,1537502400,93,45.6,-0.6,292.15,4.1
94,Qaanaaq,32,GL,1537503685,100,77.48,-69.36,265.891,4.21
95,Yuzhno-Kurilsk,0,RU,1537503691,93,44.03,145.86,290.741,4.76
96,Port Augusta,0,AU,1537502400,52,-32.49,137.76,293.15,5.7
97,Husavik,92,CA,1537503705,68,50.56,-96.99,283.641,6.11
98,Malinyi,0,TZ,1537503711,75,-8.94,36.14,295.041,1.51
99,Nemuro,20,JP,1537498800,30,43.32,145.57,295.15,1.5
100,Castro,80,CL,1537503716,94,-42.48,-73.76,281.941,6.36
101,Nanakuli,75,US,1537502220,69,21.39,-158.15,301.45,3.6
102,Solnechnyy,0,RU,1537503750,50,50.72,136.64,289.691,1.61
103,Georgetown,0,GY,1537498800,94,6.8,-58.16,298.15,2.31
104,Dikson,88,RU,1537503763,96,73.51,80.55,277.591,6.71
105,Khatanga,92,RU,1537503769,94,71.98,102.47,279.291,7.96
106,Itupiranga,0,BR,1537502400,88,-5.13,-49.33,298.15,1.0
107,Saint-Georges,76,CA,1537503740,89,46.12,-70.67,281.591,1.21
108,Camapua,0,BR,1537503788,88,-19.53,-54.04,293.241,1.11
109,Shu,76,KZ,1537503795,95,43.6,73.76,288.841,2.71
110,Talaya,24,RU,1537503801,52,55.79,84.89,284.341,4.56
111,Severo-Kurilsk,88,RU,1537503807,100,50.68,156.12,283.241,7.01
112,El Tigre,20,VE,1537503826,79,8.89,-64.25,298.291,5.91
113,Constitucion,75,MX,1537497840,52,23.99,-104.67,292.15,2.6
114,Luderitz,48,NA,1537503838,74,-26.65,15.16,286.491,9.81
115,Sambava,92,MG,1537503845,100,-14.27,50.17,295.841,6.71
116,Mantua,0,IT,1537501800,93,45.16,10.79,292.15,0.5
117,Kirakira,48,SB,1537503857,100,-10.46,161.92,301.291,1.51
118,Davila,40,PH,1537502400,74,18.47,120.58,304.15,4.1
119,Conway,1,US,1537502160,88,35.09,-92.44,298.75,2.41
120,Viedma,24,AR,1537503876,46,-40.81,-62.99,287.191,6.81
121,Ulladulla,0,AU,1537498800,24,-35.36,150.48,293.15,2.1
122,Pingliang,0,CN,1537503901,54,35.54,106.68,289.591,3.06
123,Hobart,40,AU,1537502400,42,-42.88,147.33,292.15,6.7
124,Buraydah,0,SA,1537498800,38,26.33,43.97,298.15,1.0
125,Provideniya,90,RU,1537500600,87,64.42,-173.23,282.15,1.0
126,General Roca,0,AR,1537498800,35,-39.03,-67.58,289.15,8.7
127,Margate,40,AU,1537502400,42,-43.03,147.26,292.15,6.7
128,Mahebourg,40,MU,1537498800,69,-20.41,57.7,296.15,4.1
129,Fairbanks,75,US,1537502160,92,64.84,-147.72,282.05,1.5
130,Yumen,0,CN,1537503758,48,40.29,97.04,282.791,2.41
131,Coquimbo,0,CL,1537498800,71,-29.95,-71.34,287.15,3.6
132,Batagay-Alyta,0,RU,1537503991,79,67.8,130.41,273.041,1.86
133,Cidreira,92,BR,1537503998,99,-30.17,-50.22,288.541,4.66
134,Chokurdakh,88,RU,1537504004,100,70.62,147.9,276.991,1.96
135,Leeton,0,AU,1537504011,87,-34.55,146.4,290.291,2.31
136,San Jeronimito,8,MX,1537504017,96,17.55,-101.33,301.541,3.21
137,Te Anau,44,NZ,1537504024,81,-45.41,167.72,283.291,1.56
138,Ucluelet,92,CA,1537504031,100,48.94,-125.55,283.041,1.21
139,Hilo,75,US,1537501980,76,19.71,-155.08,299.85,5.91
140,Acaponeta,8,MX,1537504044,86,22.49,-105.36,301.891,4.36
141,Chicama,75,PE,1537502400,93,-7.84,-79.15,289.15,2.6
142,Pevek,56,RU,1537504057,91,69.7,170.27,281.291,3.11
143,Umm Lajj,48,SA,1537504064,100,25.02,37.27,299.441,3.66
144,Arraial do Cabo,92,BR,1537504070,100,-22.97,-42.02,294.041,4.21
145,Sao Filipe,8,CV,1537503900,99,14.9,-24.5,298.341,5.41
146,Yeniseysk,0,RU,1537504083,77,58.45,92.17,282.241,2.26
147,Kodiak,90,US,1537503300,86,39.95,-94.76,294.85,6.7
148,Basoko,8,CD,1537504097,96,1.23,23.61,295.641,1.21
149,Marawi,44,PH,1537503873,78,8.0,124.29,299.241,1.66
150,Jimo,75,CN,1537498800,73,36.39,120.46,297.15,3.0
151,Kant,44,KG,1537504117,79,42.89,74.85,279.691,0.51
152,Mar del Plata,24,AR,1537503826,93,-46.43,-67.52,280.091,2.11
153,San Policarpo,80,PH,1537504130,97,12.18,125.51,301.591,3.01
154,Starosubkhangulovo,92,RU,1537504137,99,53.1,57.43,280.041,3.81
155,Kruisfontein,0,ZA,1537504143,100,-34.0,24.73,283.241,4.86
156,Hualmay,32,PE,1537504150,97,-11.1,-77.61,285.141,1.76
157,Acapulco,75,MX,1537501560,83,16.86,-99.88,302.15,2.6
158,Flinders,0,AU,1537498800,24,-34.58,150.85,293.15,2.1
159,Hobyo,0,SO,1537504169,87,5.35,48.53,296.941,8.86
160,Dutlwe,12,BW,1537504189,61,-23.98,23.93,289.491,6.06
161,Lorengau,24,PG,1537504195,96,-2.02,147.27,302.591,4.21
162,Marrakesh,20,MA,1537502400,77,31.63,-7.99,294.15,1.5
163,Maple Creek,0,CA,1537504209,75,49.91,-109.46,274.763,1.15
164,Walvis Bay,0,NA,1537502400,81,-22.95,14.51,285.15,5.7
165,Namyslow,0,PL,1537502400,93,51.08,17.72,287.15,3.1
166,Alofi,24,NU,1537502400,78,-19.06,-169.92,298.15,6.2
167,Faya,0,SA,1537502400,22,18.39,42.45,293.15,1.95
168,Naze,92,NG,1537504242,100,5.43,7.07,296.363,2.7
169,Richards Bay,24,ZA,1537504248,77,-28.77,32.06,292.863,4.9
170,Dafeng,80,CN,1537504255,86,33.2,120.46,298.063,4.05
171,Locri,40,IT,1537501800,94,38.24,16.26,294.15,1.5
172,Monywa,48,MM,1537504268,87,22.12,95.13,302.213,0.85
173,Marsh Harbour,0,BS,1537504274,100,26.54,-77.06,301.963,3.1
174,Tevaitoa,68,PF,1537504281,100,-16.78,-151.5,297.713,9.55
175,Uvinza,0,TZ,1537504287,38,-5.1,30.39,296.913,2.85
176,College,75,US,1537502160,92,64.86,-147.8,282.05,1.5
177,Inhambane,76,MZ,1537504300,86,-23.87,35.38,297.663,2.35
178,Ostrowiec Swietokrzyski,0,PL,1537504308,74,50.93,21.39,288.463,1.3
179,Ancud,92,CL,1537504154,94,-41.87,-73.83,282.341,6.01
180,Vila Velha,75,BR,1537502400,78,-3.71,-38.6,299.15,8.2
181,Omsukchan,88,RU,1537504327,91,62.53,155.8,277.713,1.85
182,Saint-Francois,0,FR,1537502400,67,46.42,3.91,290.15,1.5
183,Ordynskoye,8,RU,1537504340,48,54.37,81.9,293.413,6.7
184,Prince Rupert,75,CA,1537502400,71,54.32,-130.32,285.15,3.1
185,Ilulissat,0,GL,1537501800,68,69.22,-51.1,270.15,3.6
186,Clyde River,90,CA,1537503120,92,70.47,-68.59,272.15,1.5
187,Cap Malheureux,40,MU,1537502400,64,-19.98,57.61,297.15,5.1
188,Natal,40,BR,1537502400,78,-5.81,-35.21,298.15,4.6
189,Cikupa,20,ID,1537504392,63,-7.49,108.52,303.163,1.7
190,Masasi,20,TZ,1537504399,76,-10.73,38.81,297.113,1.95
191,Agnibilekrou,88,CI,1537504418,91,7.13,-3.2,296.113,3.2
192,Luganville,80,VU,1537504424,97,-15.51,167.18,300.513,3.15
193,Orange,0,AU,1537504431,69,-33.28,149.1,288.363,2.3
194,Dauphin,90,CA,1537502400,81,51.15,-100.04,280.15,2.6
195,Taiyuan,0,CN,1537500600,18,37.86,112.56,294.15,9.0
196,Tamandare,8,BR,1537504450,95,-8.28,-70.75,296.713,1.15
197,Kaitangata,36,NZ,1537504450,68,-46.28,169.85,284.313,4.4
198,Key Largo,40,US,1537502160,78,25.09,-80.45,301.05,2.6
199,Kisangani,8,CD,1537504483,91,0.52,25.21,298.363,1.3
200,Eureka,1,US,1537502100,85,40.8,-124.16,285.15,1.5
201,Shelburne,90,CA,1537502400,87,44.08,-80.2,291.15,2.6
202,Oranjemund,0,ZA,1537504502,95,-28.55,16.43,287.063,14.3
203,Bathsheba,75,BB,1537502400,78,13.22,-59.52,301.15,8.2
204,Ocos,90,GT,1537499880,94,14.51,-92.19,298.15,2.5
205,Upernavik,0,GL,1537504535,100,72.79,-56.15,271.263,2.2
206,Sitka,20,US,1537504541,98,37.17,-99.65,291.463,0.75
207,Monrovia,75,LR,1537498800,94,6.33,-10.8,297.15,1.6
208,Port Elizabeth,90,US,1537502160,96,39.31,-74.98,293.65,2.3
209,Cabo San Lucas,5,MX,1537501380,88,22.89,-109.91,299.15,3.6
210,Oruro,0,BO,1537504567,100,-17.97,-67.11,273.663,1.35
211,Sicamous,75,CA,1537502400,87,50.84,-118.99,283.15,1.0
212,Adolfo Lopez Mateos,20,MX,1537504580,96,26.8,-109.39,295.563,1.15
213,Portobelo,20,PA,1537502400,94,9.55,-79.65,299.15,1.5
214,Shihezi,44,CN,1537504606,51,44.3,86.03,291.463,4.1
215,Egvekinot,48,RU,1537504613,98,66.32,-179.17,279.163,0.95
216,Longyearbyen,75,NO,1537501800,100,78.22,15.63,273.15,7.7
217,Nyurba,0,RU,1537504626,47,63.29,118.35,284.613,1.75
218,Shingu,75,JP,1537502400,83,33.72,135.99,299.15,3.6
219,Tabory,0,PL,1537504639,62,53.89,19.53,292.863,5.85
220,Yantal,0,RU,1537504645,61,56.85,105.25,283.163,1.75
221,Kapaa,40,US,1537502160,96,22.08,-159.32,303.15,4.1
222,Vardo,90,US,1537503300,78,39.62,-77.74,296.45,3.6
223,Togur,36,RU,1537504665,50,58.36,82.83,287.963,5.15
224,Salalah,0,OM,1537501800,73,17.01,54.1,297.15,0.5
225,Riohacha,48,CO,1537504691,100,11.54,-72.91,299.563,4.8
226,Waipawa,88,NZ,1537504697,78,-39.94,176.59,285.963,3.1
227,Uyuni,0,BO,1537504704,52,-20.46,-66.82,267.413,1.15
228,Innisfail,90,CA,1537502400,93,52.02,-113.95,276.15,5.1
229,Veraval,64,FR,1537502400,87,49.65,0.71,289.15,9.8
230,Aksu,90,KZ,1537502400,87,52.04,76.93,285.15,3.0
231,Kushiro,20,JP,1537502400,48,43.11,144.15,292.15,5.7
232,Ponta do Sol,88,BR,1537504762,98,-20.63,-46.0,289.863,1.05
233,Padang,44,ID,1537504769,100,-0.92,100.36,300.913,3.65
234,Necochea,92,AR,1537504775,55,-38.55,-58.74,288.413,3.5
235,Elko,1,US,1537502160,10,40.83,-115.76,284.25,1.15
236,Kahului,40,US,1537502160,67,20.89,-156.47,303.15,4.1
237,Nome,40,US,1537503300,86,30.04,-94.42,300.15,3.1
238,Ixtapa,40,MX,1537501320,100,20.71,-105.21,301.15,2.1
239,Kalmunai,20,LK,1537504807,69,7.42,81.82,303.813,7.5
240,Katsuura,75,JP,1537503060,88,33.93,134.5,298.15,3.6
241,Nioro,20,GM,1537504820,89,13.79,-15.05,297.063,1.2
242,Spornoye,0,RU,1537502400,82,50.84,37.29,288.15,2.0
243,Chatellerault,90,FR,1537504200,88,46.8,0.53,292.15,6.7
244,Pacific Grove,1,US,1537502100,75,36.62,-121.92,292.15,0.05
245,Awjilah,0,LY,1537504846,74,29.14,21.3,293.863,4.65
246,Nouadhibou,56,MR,1537502400,65,20.93,-17.03,299.15,6.7
247,Weiser,1,US,1537501980,43,44.25,-116.97,287.55,1.05
248,Ulaanbaatar,75,MN,1537504200,59,47.92,106.92,276.15,8.0
249,Port-Cartier,90,CA,1537502400,93,50.03,-66.88,279.15,3.1
250,Isangel,88,VU,1537504904,100,-19.55,169.27,295.863,5.95
251,Havelock,1,US,1537502160,92,34.88,-76.9,295.95,1.5
252,Cabedelo,75,BR,1537502400,94,-6.97,-34.84,296.15,3.1
253,Tommot,0,RU,1537504923,55,58.97,126.27,283.313,1.5
254,Save,8,BJ,1537504930,93,8.04,2.49,296.363,2.15
255,Leh,0,IN,1537504937,39,34.16,77.58,276.913,0.7
256,Saint-Philippe,1,CA,1537504500,95,45.36,-73.48,288.15,2.6
257,Svetlaya,0,RU,1537504950,87,46.54,138.33,290.213,3.3
258,Aksarka,0,RU,1537504956,100,66.56,67.8,282.513,1.75
259,Kavieng,44,PG,1537504963,100,-2.57,150.8,302.063,2.05
260,Leirvik,75,NO,1537503600,87,59.78,5.5,282.15,6.7
261,Saint-Pierre,0,FR,1537504200,72,48.95,4.24,292.15,7.2
262,Saldanha,0,PT,1537504983,84,41.42,-6.55,281.413,1.4
263,Ormara,48,PK,1537504989,87,25.21,64.64,299.813,0.7
264,Kasongo-Lunda,0,CD,1537504996,92,-6.48,16.82,294.163,1.15
265,Ambanja,20,MG,1537502400,100,-13.68,48.45,295.15,1.0
266,Grindavik,40,IS,1537502400,74,63.84,-22.43,276.15,9.8
267,Cockburn Town,56,TC,1537505028,99,21.46,-71.14,301.313,6.85
268,Yar-Sale,0,RU,1537505035,98,66.83,70.83,283.163,1.95
269,Birao,0,CF,1537505041,88,10.3,22.78,298.713,1.95
270,Sarany,8,RU,1537505048,92,58.55,58.76,284.563,2.65
271,Khani,12,GE,1537504200,100,41.96,42.96,288.15,1.0
272,Lenine,0,UA,1537505061,93,45.3,35.78,295.513,5.1
273,Kirksville,1,US,1537502100,64,40.19,-92.58,300.35,6.2
274,Airai,0,TL,1537505074,33,-8.93,125.41,303.063,1.3
275,Mangrol,32,IN,1537505081,62,25.33,76.51,305.063,5.65
276,Marsabit,0,KE,1537505100,66,2.34,37.99,297.113,7.5
277,Kendari,20,ID,1537505107,52,-3.99,122.52,303.463,2.65
278,Sergeyevka,92,KZ,1537505113,91,53.88,67.42,286.463,2.75
279,Bilma,88,NE,1537505120,19,18.69,12.92,300.613,3.15
280,Faanui,92,PF,1537505126,100,-16.48,-151.75,297.713,9.1
281,Lardos,20,GR,1537503600,83,36.09,28.02,296.15,4.1
282,Avera,1,US,1537502100,72,33.19,-82.53,299.15,3.1
283,Mbandaka,68,CD,1537505159,95,0.05,18.26,295.863,1.2
284,Tiksi,44,RU,1537505165,96,71.64,128.87,274.513,1.7
285,Angoche,68,MZ,1537505172,100,-16.23,39.91,298.363,4.4
286,Orange Cove,1,US,1537502160,51,36.62,-119.31,300.95,1.05
287,Chuy,0,UY,1537505185,92,-33.69,-53.46,283.913,3.9
288,Tautira,40,PF,1537502400,69,-17.73,-149.15,298.15,3.1
289,Lindon,1,US,1537504500,7,40.34,-111.72,288.75,3.1
290,Nanortalik,64,GL,1537505229,99,60.14,-45.24,275.813,7.7
291,Mbaiki,36,CF,1537505236,93,3.87,17.99,295.863,1.2
292,Strezhevoy,0,RU,1537502400,70,60.73,77.6,282.15,5.0
293,Hohhot,0,CN,1537502400,28,40.81,111.65,286.15,9.0
294,Pisco,90,PE,1537502400,82,-13.71,-76.2,289.15,2.1
295,Bealanana,0,MG,1537505262,47,-14.54,48.75,295.963,2.2
296,Kidal,64,ML,1537505269,44,18.44,1.41,297.313,2.0
297,Guerrero Negro,0,MX,1537505275,100,27.97,-114.04,291.963,2.5
298,General Pico,0,AR,1537505295,44,-35.66,-63.75,290.413,7.0
299,Leninsk,0,RU,1537502400,82,48.69,45.2,288.15,4.0
300,Miri,64,NG,1537505308,77,10.31,9.75,294.913,1.2
301,Chitral,88,PK,1537505314,46,35.85,71.79,281.563,0.4
302,Greystones,20,IE,1537504200,87,53.14,-6.06,280.15,6.7
303,Mezen,8,RU,1537505327,92,65.85,44.24,284.863,4.35
304,Hamilton,75,CA,1537504680,88,43.26,-79.87,293.15,4.1
305,Suamico,90,US,1537504500,93,44.63,-88.04,297.15,5.1
306,San Quintin,40,PH,1537502400,74,17.54,120.52,304.15,4.1
307,Aksarayskiy,0,RU,1537502400,55,46.79,48.01,290.15,3.0
308,Paamiut,88,GL,1537505360,100,61.99,-49.67,276.213,7.05
309,Ubaitaba,100,BR,1537505367,100,-14.31,-39.32,294.313,1.45
310,Dingle,80,PH,1537505373,92,11.0,122.67,300.113,2.1
311,Erenhot,64,CN,1537505380,32,43.65,111.97,286.063,10.7
312,Klaksvik,92,FO,1537503600,87,62.23,-6.59,279.15,9.8
313,Vaitape,76,PF,1537505393,100,-16.52,-151.75,298.013,10.55
314,Lincoln,48,GB,1537503600,76,53.23,-0.54,284.15,8.2
315,Kavaratti,76,IN,1537505406,100,10.57,72.64,300.813,6.25
316,Nicoya,40,CR,1537506000,94,10.15,-85.45,297.15,1.5
317,Boca do Acre,12,BR,1537505419,93,-8.76,-67.39,297.463,0.85
318,Kawalu,0,ID,1537505438,73,-7.38,108.21,299.113,1.3
319,Lethem,8,GY,1537505445,66,3.38,-59.8,300.663,4.2
320,Daru,92,SL,1537505451,99,7.99,-10.85,294.513,1.3
321,San Cristobal,20,EC,1537502400,81,-0.39,-78.55,283.15,5.1
322,Yangambi,12,CD,1537505465,89,0.77,24.47,298.363,1.35
323,Karratha,0,AU,1537505471,8,-20.74,116.85,305.313,4.85
324,Trelew,24,AR,1537505194,42,-43.25,-65.31,282.713,5.1
325,Beaverlodge,75,CA,1537502400,55,55.21,-119.43,274.15,4.1
326,Sao Felix do Xingu,0,BR,1537505491,89,-6.64,-51.99,296.763,0.9
327,Rampur,0,IN,1537505497,84,28.8,79.03,304.813,3.2
328,Dunedin,0,NZ,1537505504,72,-45.87,170.5,283.413,3.1
329,Enkhuizen,75,NL,1537503900,72,52.7,5.29,292.15,14.4
330,Ulaangom,0,MN,1537505517,55,49.98,92.07,282.163,1.3
331,Yairipok,75,IN,1537504200,74,24.67,94.07,300.15,3.6
332,Saint Anthony,1,US,1537502160,8,43.97,-111.68,286.45,4.6
333,Taltal,0,CL,1537505537,87,-25.41,-70.49,283.163,0.95
334,Aranos,80,NA,1537505543,16,-24.14,19.11,290.813,2.25
335,Yuanping,0,CN,1537505550,44,38.72,112.71,285.713,4.4
336,Mursalimkino,92,RU,1537505556,99,55.04,58.56,283.113,1.85
337,Darnah,0,LY,1537505588,100,32.77,22.64,297.463,2.85
338,Yilan,40,TW,1537502400,66,24.75,121.75,306.15,3.6
339,Mokobeng,76,BW,1537505601,75,-23.0,27.67,290.413,4.25
340,Rock Sound,8,BS,1537505608,98,24.9,-76.2,302.513,4.75
341,Wundanyi,76,KE,1537505614,78,-3.4,38.37,295.213,1.75
342,Staroaleyskoye,92,RU,1537505621,63,51.01,82.0,290.213,5.3
343,Maceio,75,BR,1537502400,83,-9.67,-35.74,297.15,4.6
344,Biak,80,ID,1537505634,81,-0.91,122.88,300.013,4.0
345,Santa Isabel do Rio Negro,12,BR,1537505640,93,-0.41,-65.02,298.263,1.6
346,Dombarovskiy,64,RU,1537505647,64,50.76,59.54,285.913,5.8
347,Arlit,8,NE,1537505653,31,18.74,7.39,295.913,1.35
348,Vostok,0,RU,1537505606,50,46.45,135.83,291.313,1.6
349,Erzin,40,TR,1537503600,88,36.95,36.2,298.15,2.6
350,Mhlume,12,SZ,1537502400,76,-26.03,31.81,286.15,1.85
351,Leningradskiy,20,RU,1537505421,86,69.38,178.42,279.663,2.7
352,Mikhaylovka,0,RU,1537505686,59,52.96,103.29,284.813,2.95
353,Mufumbwe,0,ZM,1537505693,44,-13.68,24.8,293.413,5.45
354,Bucerias,40,MX,1537501320,100,20.76,-105.33,301.15,2.1
355,Auckland,80,NZ,1537504200,82,-36.85,174.77,288.15,5.1
356,Touros,32,BR,1537505540,93,-5.2,-35.46,297.613,6.25
357,Broome,44,GB,1537503600,82,52.47,1.45,286.55,11.3
358,Hambantota,92,LK,1537505726,100,6.12,81.12,299.613,6.7
359,Soyo,64,AO,1537505732,88,-6.13,12.37,296.163,1.85
360,Tezu,64,IN,1537505739,80,27.93,96.16,296.613,0.6
361,Tarauaca,8,BR,1537505745,95,-8.16,-70.77,296.713,1.15
362,Hwange,0,ZW,1537505752,42,-18.35,26.5,296.463,5.55
363,Saskylakh,64,RU,1537505758,87,71.97,114.09,277.263,6.6
364,Galle,40,US,1537503480,93,29.74,-97.91,298.75,3.6
365,San Jose,56,PH,1537505575,84,15.79,120.99,301.613,1.35
366,Grand Gaube,40,MU,1537502400,64,-20.01,57.66,297.15,5.1
367,Berlevag,0,NO,1537501800,87,70.86,29.09,281.15,4.1
368,Haifa,20,IL,1537501800,83,32.82,35.0,295.15,0.5
369,Sidhi,92,IN,1537505798,94,24.41,81.88,298.663,7.05
370,Ocampo,20,PH,1537505804,88,13.56,123.37,302.213,2.55
371,Araouane,0,ML,1537505811,35,18.9,-3.53,296.913,1.2
372,Lebu,44,ET,1537505817,69,8.96,38.73,289.413,1.75
373,Zeya,92,RU,1537505824,91,53.74,127.27,280.713,1.95
374,Freeport,0,BS,1537505830,93,26.54,-78.7,302.213,4.75
375,Ouesso,24,CG,1537505837,97,1.61,16.05,295.413,1.65
376,Kampot,64,KH,1537505843,86,10.62,104.18,303.513,1.95
377,Bend,1,US,1537503300,71,44.06,-121.32,286.15,0.95
378,North Bend,1,US,1537502160,77,43.41,-124.22,287.05,3.1
379,Cururupu,68,BR,1537505863,84,-1.82,-44.87,299.163,4.8
380,Acari,12,BR,1537505870,90,-6.44,-36.64,293.213,5.65
381,Sunndalsora,75,NO,1537503600,76,62.68,8.55,283.15,7.7
382,Benicarlo,0,ES,1537505676,100,40.42,0.43,297.563,4.2
383,Khawhai,12,IN,1537505902,80,23.52,93.19,301.063,0.15
384,Alamogordo,1,US,1537503300,100,32.9,-105.96,290.15,1.35
385,Caohai,92,CN,1537505914,88,26.87,104.28,289.913,1.75
386,Jiuquan,0,CN,1537505921,45,39.73,98.49,286.563,1.9
387,Song Phi Nong,40,TH,1537504200,66,14.23,100.04,306.15,3.6
388,Rocky Mountain House,92,CA,1537505947,100,52.38,-114.92,273.213,1.3
389,Sao Paulo de Olivenca,88,BR,1537505954,98,-3.38,-68.87,296.063,0.95
390,Kamaishi,75,JP,1537502400,64,39.28,141.86,296.15,6.2
391,Brae,88,GB,1537503600,81,60.4,-1.35,282.15,4.1
392,Caibarien,20,CU,1537501800,88,22.52,-79.47,298.15,2.1
393,Grand Baie,40,MU,1537502400,64,-20.02,57.58,297.15,5.1
394,Bemidji,90,US,1537504500,98,47.48,-94.89,284.85,4.1
395,Sibolga,32,ID,1537505993,100,1.74,98.78,298.113,0.55
396,Santa Rosa,48,AR,1537506007,58,-36.62,-64.29,286.563,1.25
397,Ialibu,44,PG,1537506013,85,-6.28,143.99,290.863,0.45
398,Mabaruma,92,GY,1537506020,93,8.2,-59.78,299.713,2.2
399,Simga,92,IN,1537506027,91,21.63,81.7,298.563,9.7
400,Bandarbeyla,8,SO,1537506033,90,9.49,50.81,299.613,8.7
401,Saryagash,0,KZ,1537502400,56,41.45,69.17,294.15,1.45
402,Gwanda,0,ZW,1537506046,67,-20.94,29.0,292.563,6.55
403,Hollola,56,FI,1537506066,83,60.99,25.5,286.063,3.3
404,Toamasina,40,MG,1537502400,88,-18.17,49.38,293.15,2.1
405,Tiznit,56,MA,1537506079,100,29.7,-9.73,291.613,1.05
406,Tabas,0,IR,1537506085,30,33.6,56.92,299.413,1.4
407,Zinder,32,NE,1537506091,72,13.81,8.99,298.963,1.2
408,Qaracala,20,AZ,1537506098,83,39.81,48.95,297.213,1.4
409,Byron Bay,32,AU,1537504200,49,-28.65,153.62,294.15,8.7
410,Nabire,48,ID,1537506111,90,-3.36,135.5,297.263,0.3
411,Minatitlan,92,MX,1537506117,93,19.39,-104.05,296.463,0.5
412,Talnakh,92,RU,1537506124,95,69.49,88.39,278.963,7.35
413,Puerto Quijarro,32,BO,1537506130,94,-19.0,-57.72,296.513,1.55
414,Katobu,44,ID,1537506137,76,-4.94,122.53,302.563,2.35
415,Uarini,76,BR,1537506143,94,-2.98,-65.16,297.063,1.3
416,Oshakati,68,NA,1537506150,19,-17.78,15.7,293.913,3.95
417,Henties Bay,68,NA,1537506156,97,-22.12,14.28,286.763,1.05
418,Salekhard,0,RU,1537506163,100,66.54,66.62,281.863,1.65
419,Rome,0,IT,1537503600,88,41.89,12.48,293.15,1.5
420,Mabay,0,CU,1537501800,83,20.35,-76.78,299.15,4.1
421,Balkanabat,0,TM,1537506183,50,39.51,54.36,294.613,1.4
422,Vieste,0,IT,1537506189,100,41.88,16.18,296.963,2.4
423,Mutoko,0,ZW,1537506208,57,-17.4,32.23,296.463,3.4
424,Gambela,88,ET,1537506215,100,8.25,34.59,290.763,1.4
425,Tutoia,0,BR,1537506222,81,-2.76,-42.27,298.663,7.75
426,Machinga,0,MW,1537506228,52,-15.18,35.3,300.063,2.4
427,Sao Joao da Barra,92,BR,1537506149,100,-21.64,-41.05,294.413,6.7
428,Mayskiy,8,RU,1537504200,63,43.63,44.06,289.15,2.0
429,Sarana,76,RU,1537506248,95,56.48,57.73,284.363,3.05
430,Samarai,92,PG,1537506254,100,-10.62,150.67,298.363,6.15
431,Waingapu,32,ID,1537506261,51,-9.65,120.26,304.413,4.4
432,Nago,0,IT,1537503600,93,45.88,10.89,292.15,1.75
433,Santiago,0,CL,1537502400,76,-33.44,-70.65,284.15,1.0
434,Rocha,8,UY,1537506281,93,-34.48,-54.34,282.563,4.05
435,San Patricio,36,PY,1537506288,99,-26.98,-56.83,290.963,1.05
436,Arica,90,CL,1537506000,72,-18.48,-70.32,289.15,1.0
437,Srednekolymsk,92,RU,1537506301,100,67.46,153.71,275.313,1.6
438,The Valley,20,AI,1537502400,74,18.22,-63.06,301.15,3.1
439,Maragogi,88,BR,1537506314,95,-9.01,-35.22,296.363,3.55
440,San Joaquin,80,PH,1537506320,92,10.59,122.14,300.113,2.1
441,Tame,20,CO,1537506327,95,6.46,-71.72,283.163,0.75
442,Praia da Vitoria,20,PT,1537502400,83,38.73,-27.07,296.15,9.75
443,Willowmore,0,ZA,1537506340,81,-33.3,23.49,276.313,1.0
444,Ordzhonikidze,0,UA,1537506347,91,44.96,35.36,294.363,4.6
445,Homer,20,US,1537501980,86,59.64,-151.54,284.85,2.1
446,Morwell,0,AU,1537506372,62,-38.24,146.4,288.813,2.5
447,Isagarh,76,IN,1537506379,67,24.84,77.89,303.713,7.45
448,Montepuez,0,MZ,1537506385,54,-13.13,39.0,298.063,2.85
449,Fortuna,0,ES,1537504200,88,38.18,-1.13,294.15,1.5
450,Canico,40,PT,1537504200,73,32.63,-16.85,295.15,5.1
451,San Enrique,80,PH,1537506418,92,11.07,122.66,300.113,2.1
452,Puri,20,ID,1537502400,62,-7.54,112.45,305.15,4.6
453,Gaillac,0,FR,1537504200,82,43.9,1.9,292.15,4.6
454,Greenwood,1,US,1537505760,84,34.2,-82.16,296.45,3.6
455,Namatanai,12,PG,1537506443,100,-3.66,152.44,300.913,3.0
456,Marck,75,FR,1537505400,82,50.95,1.95,289.15,8.2
457,Picos,56,BR,1537506456,29,-7.08,-41.47,304.063,6.15
458,Comodoro Rivadavia,0,AR,1537506000,62,-45.87,-67.48,284.15,2.1
459,Yokadouma,68,CM,1537506482,97,3.52,15.05,293.213,1.25
460,Kontagora,12,NG,1537506488,94,10.4,5.47,294.713,1.3
461,Dharchula,0,IN,1537506494,67,29.85,80.53,290.213,0.8
462,Honningsvag,0,NO,1537501800,87,70.98,25.97,281.15,4.1
463,Ramsar,90,IR,1537502400,93,36.92,50.64,292.15,2.1
464,Qandala,0,SO,1537506564,55,11.47,49.87,303.063,1.1
465,Tulsipur,8,IN,1537506570,72,27.53,82.41,304.863,7.05
466,Polunochnoye,0,RU,1537506577,85,60.87,60.43,285.963,3.85
467,Lazaro Cardenas,8,MX,1537506583,91,28.39,-105.62,289.963,0.95
468,Caravelas,92,BR,1537506590,100,-17.73,-39.27,297.613,6.95
469,Saint-Joseph,0,FR,1537504200,82,43.56,6.97,296.15,1.5
470,Rio Gallegos,40,AR,1537506000,98,-51.62,-69.22,275.15,2.1
471,Yefremov,0,RU,1537506622,71,53.14,38.12,290.063,2.05
472,Ponta Delgada,40,PT,1537504200,94,37.73,-25.67,296.15,4.1
473,Basar,75,IN,1537506000,79,27.98,94.69,303.15,1.5
474,Moussoro,0,TD,1537506642,77,13.64,16.49,299.613,1.3
475,Pombas,20,BR,1537506648,92,-15.9,-54.74,291.913,1.2
476,El Sauzal,0,AR,1537506000,72,-24.3,-64.96,289.15,3.1
477,Beisfjord,75,NO,1537501800,87,68.38,17.6,283.15,20.1
478,Qaqortoq,0,GL,1537505400,47,60.72,-46.03,276.15,2.6
479,Flin Flon,0,CA,1537506674,100,54.77,-101.88,275.213,3.3
480,Voh,0,NC,1537506718,98,-20.95,164.69,294.213,8.0
481,Taua,92,SL,1537506725,99,8.79,-12.72,295.213,1.95
482,Lagoa,0,PT,1537504200,56,37.14,-8.45,294.15,1.5
483,Chepen,75,PE,1537506000,82,-7.22,-79.45,290.15,5.1
484,Bonavista,8,CA,1537506744,100,48.65,-53.11,280.313,6.0
485,Hanzhong,0,CN,1537506763,57,33.08,107.03,297.713,1.45
486,Juneau,1,US,1537505760,85,58.3,-134.42,278.15,1.15
487,Butte,1,US,1537505580,12,46.01,-112.54,277.55,2.1
488,Port Said,0,EG,1537506782,31,25.34,30.55,299.213,2.3
489,Sorland,75,NO,1537505400,76,67.67,12.69,283.15,6.2
490,Nanchong,92,CN,1537506807,99,30.8,106.08,292.413,3.95
491,Senneterre,90,CA,1537502400,81,48.39,-77.24,285.15,1.5
492,Kabalo,64,CD,1537506821,59,-6.05,26.92,298.513,1.95
493,Rio Grande,8,BR,1537506827,95,-32.03,-52.1,286.463,3.95
494,Barra dos Coqueiros,40,BR,1537506000,69,-10.91,-37.04,298.15,6.2
495,Cordoba,8,CO,1537506853,81,5.59,-73.79,277.563,1.15
496,Baramati,80,IN,1537506859,77,18.15,74.57,299.963,5.2
497,Chakulia,75,IN,1537506000,100,22.48,86.72,298.15,3.6
498,Menongue,0,AO,1537506872,22,-14.66,17.68,294.313,2.25
499,Port Pirie,0,AU,1537502400,52,-33.18,138.01,293.15,5.7
500,Suntar,0,RU,1537506885,47,62.16,117.65,284.813,1.65
501,Kaniama,12,CD,1537506892,61,-7.57,24.18,297.263,1.45
502,Tsilna,90,RU,1537502400,100,54.59,48.14,285.15,2.0
503,Ilinskiy,0,RU,1537504200,87,55.62,38.12,285.15,2.0
504,Kizukuri,75,JP,1537502400,56,40.81,140.39,297.15,5.1
505,Miles City,90,US,1537505580,85,46.41,-105.84,279.25,6.7
506,Kokopo,44,PG,1537506936,96,-4.34,152.27,302.213,1.65
507,Kharan,0,PK,1537506943,22,28.58,65.42,302.063,2.25
508,Kasongo,20,CD,1537506949,87,-4.43,26.67,296.313,1.15
509,Bejar,0,AL,1537506955,83,40.49,19.83,293.563,1.4
510,Marienburg,0,DE,1537505400,64,52.12,9.98,295.15,4.1
511,Khash,0,IR,1537506968,28,28.22,61.21,298.913,3.0
512,Vao,68,EE,1537506975,84,59.1,26.19,290.113,4.65
513,Mamlyutka,75,KZ,1537504200,87,54.94,68.54,285.15,6.0
514,Aripuana,64,BR,1537507000,90,-9.17,-60.63,297.613,1.05
515,Pushkino,0,RU,1537504200,93,56.01,37.85,285.15,3.0
516,Tulum,40,MX,1537501560,88,20.21,-87.46,301.15,3.1
517,Belaya Gora,92,RU,1537507019,86,68.54,146.19,277.163,2.15
518,Seoni Malwa,92,IN,1537507025,81,22.45,77.47,300.363,5.4
519,Saiha,44,IN,1537507032,72,22.49,92.98,301.213,0.6
520,Belyy Yar,0,RU,1537504200,54,53.6,91.39,285.15,2.0
521,Looc,75,PH,1537502400,70,10.32,123.95,304.15,3.1
522,Esil,12,KZ,1537507051,91,51.96,66.41,286.663,4.45
523,Mahibadhoo,56,MV,1537507069,100,3.78,72.97,300.063,6.05
